[
  {
    "jid": "120363022171499896@g.us",
    "msg": "Olá, Seja bem-vindo(a) Ao grupo : #numerodele#\n\nGrupo: #nomedogp#\n\nPrefixo : #prefixo#\n\nLeia as regras, e seja feliz, devo lembrar que números fakes não é permitido no grupo, entre com seu oficial, se for fake..."
  },
  {
    "jid": "120363039740866600@g.us",
    "msg": "Olá Seja bem vindo(a) ao grupo : #numerodele#\n\nGrupo: #nomedogp#\n\nGrupo criado para fazer figurinhas e trocar figuras.\n\nPara fazer figurinha, você deve enviar uma foto ou um vídeo de até 10 segundos, e marcar com o comando #prefixo#sticker"
  },
  {
    "jid": "120363022707792505@g.us",
    "msg": "🔥፝⃟ Olá Seja bem vindo(a) ao grupo: #numerodele#\n\nGrupo: #nomedogp#\n\nleia as regras, para evitar de ser banido permanente."
  },
  {
    "jid": "120363043127730398@g.us",
    "msg": "ঔৣ͜͡ீ͜❥͜  Olá Seja bem vindo ao grupo : #numerodele#\n\nGrupo: #nomedogp#\n\n❌PROIBIDO  SE APRESENTAR E MANDAR ÁUDIO E CONTEÚDOS +18 ❌\n\nLEIA AS REGRAS NA DESCRIÇÃO PARA ENTENDER MELHOR. \n\nPARA FAZER FIGURINHA COM O BOT, ENVIE UMA FOTO OU VIDEO E MARQUE-A COM O COMANDO :\n\n!s\n\nE PARA VER A LISTA DE COMANDOS DIGITE \n\n!menu\n\n🔥፝⃟    Boa sorte"
  },
  {
    "jid": "120363040883983371@g.us",
    "msg": "Seja Bem vindo(a) ao grupo : \n#numerodele#\n\n🔱 Grupo 🔱 : #nomedogp#\n\nGrupo criado para figurinhas e entretenimento, leia as regras para evitar constrangimento. \n\nboa sorte.. 🔥"
  },
  {
    "jid": "553195829419-1618436345@g.us",
    "msg": "🔥Olá : #numerodele# Seja bem vindo(a), Leia as regras e divirta-se ✔️"
  },
  {
    "jid": "120363042195015812@g.us",
    "msg": "【᯽𒋨📷:𝑆𝑒 𝑎𝑝𝑟𝑒𝑠𝑒𝑛𝑡𝑒𝑚 𝑙𝑖𝑥𝑜𝑠🌚»°】\n𒋨·࣭࣪̇🔥ɴᴏᴍᴇ:\n𒋨·࣭࣪̇🔥ɪᴅᴀᴅᴇ:\n𒋨·࣭࣪̇🔥ʀᴀʙᴀ:\n*Aᴘʀᴇsᴇɴᴛᴇ-sᴇ sᴇ ǫᴜɪsᴇʀ.*\n𝙏𝘼𝙂𝙎➭᜔ׂ࠭ ⁸₈⁸|𝟖𝟖𝟖|𝟠𝟠𝟠| ེི⁸⁸⁸"
  },
  {
    "jid": "556796837152-1625579885@g.us",
    "msg": "*SEJA BEM VINDO:(A)* #numerodele#\n\n-APRESENTE-SE COM:\n-NOME:\n-IDADE:\n-FOTO: (opcional"
  }
]
