{
	"linklogos": "https://telegra.ph/file/9183d10f0d286969af095.jpg",
	"imgnazista": "https://telegra.ph/file/fb2762032047db19d206b.jpg",
	"imggay": "https://telegra.ph/file/fe1a5a942d6114ebc18a3.jpg",
	"imgcorno": "https://telegra.ph/file/3182942e577dbbc27b17e.jpg",
	"imggostosa": "https://telegra.ph/file/9bd3e6fcc0e8da9939ed6.jpg",
	"imggostoso": "https://telegra.ph/file/df6f2722710ef26a82c04.jpg",
	"imgfeio": "https://telegra.ph/file/bd22339646fe7f163f89c.jpg",
	"imggado": "https://telegra.ph/file/6ac2858647969cca031fd.jpg",
	"imgvesgo": "https://telegra.ph/file/2c6675f5bc489c219fbb0.jpg",
	"imgbebado": "https://telegra.ph/file/b69ac603e275e610d2c34.jpg",
	"fundo2": "https://telegra.ph/file/2b9f0d2624f89e20aeba2.jpg",
	"fundo1": "https://telegra.ph/file/1572b90b51c36eb6b2767.jpg",
	"cdd": "480000",
	"crtt": "𝐉𝐎𝐆𝐎 𝐃𝐀 𝐕𝐄𝐋𝐇𝐀",
	"forwarding": false,
	"banChats": false,
	"dono1": "5519998748642",
	"dono2": "391277278",
	"dono3": ".",
	"dono4": ".",
	"dono5": ".",
	"dono6": "."
}